LEC-AM-T2-0001	/global/project/hpcg6049/lecanemab-am/data/interim/flexddg/LEC-AM-T2-0001.resfile
LEC-AM-T2-0002	/global/project/hpcg6049/lecanemab-am/data/interim/flexddg/LEC-AM-T2-0002.resfile
LEC-AM-T2-0003	/global/project/hpcg6049/lecanemab-am/data/interim/flexddg/LEC-AM-T2-0003.resfile
LEC-AM-T2-0004	/global/project/hpcg6049/lecanemab-am/data/interim/flexddg/LEC-AM-T2-0004.resfile
LEC-AM-T2-0005	/global/project/hpcg6049/lecanemab-am/data/interim/flexddg/LEC-AM-T2-0005.resfile
LEC-AM-T2-0006	/global/project/hpcg6049/lecanemab-am/data/interim/flexddg/LEC-AM-T2-0006.resfile
LEC-AM-T2-0007	/global/project/hpcg6049/lecanemab-am/data/interim/flexddg/LEC-AM-T2-0007.resfile
LEC-AM-T2-0008	/global/project/hpcg6049/lecanemab-am/data/interim/flexddg/LEC-AM-T2-0008.resfile
LEC-AM-T2-0009	/global/project/hpcg6049/lecanemab-am/data/interim/flexddg/LEC-AM-T2-0009.resfile
LEC-AM-T2-0010	/global/project/hpcg6049/lecanemab-am/data/interim/flexddg/LEC-AM-T2-0010.resfile
LEC-AM-T2-0011	/global/project/hpcg6049/lecanemab-am/data/interim/flexddg/LEC-AM-T2-0011.resfile
LEC-AM-T2-0012	/global/project/hpcg6049/lecanemab-am/data/interim/flexddg/LEC-AM-T2-0012.resfile
LEC-AM-T2-0013	/global/project/hpcg6049/lecanemab-am/data/interim/flexddg/LEC-AM-T2-0013.resfile
LEC-AM-T2-0014	/global/project/hpcg6049/lecanemab-am/data/interim/flexddg/LEC-AM-T2-0014.resfile
LEC-AM-T2-0015	/global/project/hpcg6049/lecanemab-am/data/interim/flexddg/LEC-AM-T2-0015.resfile
LEC-AM-T2-0016	/global/project/hpcg6049/lecanemab-am/data/interim/flexddg/LEC-AM-T2-0016.resfile
LEC-AM-T2-0017	/global/project/hpcg6049/lecanemab-am/data/interim/flexddg/LEC-AM-T2-0017.resfile
LEC-AM-T2-0018	/global/project/hpcg6049/lecanemab-am/data/interim/flexddg/LEC-AM-T2-0018.resfile
LEC-AM-T2-0019	/global/project/hpcg6049/lecanemab-am/data/interim/flexddg/LEC-AM-T2-0019.resfile
LEC-AM-T2-0020	/global/project/hpcg6049/lecanemab-am/data/interim/flexddg/LEC-AM-T2-0020.resfile
LEC-AM-T2-0021	/global/project/hpcg6049/lecanemab-am/data/interim/flexddg/LEC-AM-T2-0021.resfile
LEC-AM-T2-0022	/global/project/hpcg6049/lecanemab-am/data/interim/flexddg/LEC-AM-T2-0022.resfile
LEC-AM-T2-0023	/global/project/hpcg6049/lecanemab-am/data/interim/flexddg/LEC-AM-T2-0023.resfile
LEC-AM-T2-0024	/global/project/hpcg6049/lecanemab-am/data/interim/flexddg/LEC-AM-T2-0024.resfile
LEC-AM-T2-0025	/global/project/hpcg6049/lecanemab-am/data/interim/flexddg/LEC-AM-T2-0025.resfile
LEC-AM-T2-0026	/global/project/hpcg6049/lecanemab-am/data/interim/flexddg/LEC-AM-T2-0026.resfile
LEC-AM-T2-0027	/global/project/hpcg6049/lecanemab-am/data/interim/flexddg/LEC-AM-T2-0027.resfile
LEC-AM-T2-0028	/global/project/hpcg6049/lecanemab-am/data/interim/flexddg/LEC-AM-T2-0028.resfile
LEC-AM-T2-0029	/global/project/hpcg6049/lecanemab-am/data/interim/flexddg/LEC-AM-T2-0029.resfile
LEC-AM-T2-0030	/global/project/hpcg6049/lecanemab-am/data/interim/flexddg/LEC-AM-T2-0030.resfile
