LEC-AM-T2-0001	/global/project/hpcg6049/lecanemab-am/configs/stage4/cofold_LEC-AM-T2-0001.yaml
LEC-AM-T2-0002	/global/project/hpcg6049/lecanemab-am/configs/stage4/cofold_LEC-AM-T2-0002.yaml
LEC-AM-T2-0003	/global/project/hpcg6049/lecanemab-am/configs/stage4/cofold_LEC-AM-T2-0003.yaml
LEC-AM-T2-0004	/global/project/hpcg6049/lecanemab-am/configs/stage4/cofold_LEC-AM-T2-0004.yaml
LEC-AM-T2-0005	/global/project/hpcg6049/lecanemab-am/configs/stage4/cofold_LEC-AM-T2-0005.yaml
LEC-AM-T2-0006	/global/project/hpcg6049/lecanemab-am/configs/stage4/cofold_LEC-AM-T2-0006.yaml
LEC-AM-T2-0007	/global/project/hpcg6049/lecanemab-am/configs/stage4/cofold_LEC-AM-T2-0007.yaml
LEC-AM-T2-0008	/global/project/hpcg6049/lecanemab-am/configs/stage4/cofold_LEC-AM-T2-0008.yaml
LEC-AM-T2-0009	/global/project/hpcg6049/lecanemab-am/configs/stage4/cofold_LEC-AM-T2-0009.yaml
LEC-AM-T2-0010	/global/project/hpcg6049/lecanemab-am/configs/stage4/cofold_LEC-AM-T2-0010.yaml
LEC-AM-T2-0011	/global/project/hpcg6049/lecanemab-am/configs/stage4/cofold_LEC-AM-T2-0011.yaml
LEC-AM-T2-0012	/global/project/hpcg6049/lecanemab-am/configs/stage4/cofold_LEC-AM-T2-0012.yaml
LEC-AM-T2-0013	/global/project/hpcg6049/lecanemab-am/configs/stage4/cofold_LEC-AM-T2-0013.yaml
LEC-AM-T2-0014	/global/project/hpcg6049/lecanemab-am/configs/stage4/cofold_LEC-AM-T2-0014.yaml
LEC-AM-T2-0015	/global/project/hpcg6049/lecanemab-am/configs/stage4/cofold_LEC-AM-T2-0015.yaml
LEC-AM-T2-0016	/global/project/hpcg6049/lecanemab-am/configs/stage4/cofold_LEC-AM-T2-0016.yaml
LEC-AM-T2-0017	/global/project/hpcg6049/lecanemab-am/configs/stage4/cofold_LEC-AM-T2-0017.yaml
LEC-AM-T2-0018	/global/project/hpcg6049/lecanemab-am/configs/stage4/cofold_LEC-AM-T2-0018.yaml
LEC-AM-T2-0019	/global/project/hpcg6049/lecanemab-am/configs/stage4/cofold_LEC-AM-T2-0019.yaml
LEC-AM-T2-0020	/global/project/hpcg6049/lecanemab-am/configs/stage4/cofold_LEC-AM-T2-0020.yaml
LEC-AM-T2-0021	/global/project/hpcg6049/lecanemab-am/configs/stage4/cofold_LEC-AM-T2-0021.yaml
LEC-AM-T2-0022	/global/project/hpcg6049/lecanemab-am/configs/stage4/cofold_LEC-AM-T2-0022.yaml
LEC-AM-T2-0023	/global/project/hpcg6049/lecanemab-am/configs/stage4/cofold_LEC-AM-T2-0023.yaml
LEC-AM-T2-0024	/global/project/hpcg6049/lecanemab-am/configs/stage4/cofold_LEC-AM-T2-0024.yaml
LEC-AM-T2-0025	/global/project/hpcg6049/lecanemab-am/configs/stage4/cofold_LEC-AM-T2-0025.yaml
LEC-AM-T2-0026	/global/project/hpcg6049/lecanemab-am/configs/stage4/cofold_LEC-AM-T2-0026.yaml
LEC-AM-T2-0027	/global/project/hpcg6049/lecanemab-am/configs/stage4/cofold_LEC-AM-T2-0027.yaml
LEC-AM-T2-0028	/global/project/hpcg6049/lecanemab-am/configs/stage4/cofold_LEC-AM-T2-0028.yaml
LEC-AM-T2-0029	/global/project/hpcg6049/lecanemab-am/configs/stage4/cofold_LEC-AM-T2-0029.yaml
LEC-AM-T2-0030	/global/project/hpcg6049/lecanemab-am/configs/stage4/cofold_LEC-AM-T2-0030.yaml
