variant_id,parent,track,chain,mutations,n_mut,edit_dist_to_wt,cluster,boltz_iptm,boltz_ipsae,af3_iptm,flexddg_kcal,consensus_rank,sel_monomer_delta,sel_cafib_delta,oasis_humanness,agg3d_score,netsolp,viscosity_flag,tap_flags,kd_protofibril_M,koff_protofibril,monomer_screen,stage_reached,status,source_config,created_at
LEC-AM-T1-0001,lecanemab_WT,T1,LC,LC:A17D,1,1,,0.9506,0.3944,,0.062,,,,,,,,,,,,5,scored,"{""method"": ""AbLang2(paired) OAS prior"", ""logodds"": 2.919, ""region"": ""framework"", ""seq_pos"": 17, ""run_id"": ""t1-20260603"", ""logodds_threshold"": 0.5}",2026-06-03 17:35:12.381306
LEC-AM-T1-0002,lecanemab_WT,T1,HC,HC:T70S,1,1,,0.9542,0.4258,,-0.002,,,,,,,,,,,,5,scored,"{""method"": ""AbLang2(paired) OAS prior"", ""logodds"": 1.109, ""region"": ""framework"", ""seq_pos"": 63, ""run_id"": ""t1-20260603"", ""logodds_threshold"": 0.5}",2026-06-03 17:35:12.381306
LEC-AM-T1-0003,lecanemab_WT,T1,HC,HC:S24A,1,1,,0.9531,0.4535,,0.095,,,,,,,,,,,,5,scored,"{""method"": ""AbLang2(paired) OAS prior"", ""logodds"": 1.086, ""region"": ""framework"", ""seq_pos"": 23, ""run_id"": ""t1-20260603"", ""logodds_threshold"": 0.5}",2026-06-03 17:35:12.381306
LEC-AM-T2-0001,lecanemab_WT,T2,LC,LC:V114Y,1,1,,,,,,,,,,,,,,,,,,generated,"{""method"": ""ProteinMPNN conditional-probs CDR point-muts (Fv-A\u03b2 complex)"", ""logodds"": [3.927], ""logodds_threshold"": 1.0, ""run_id"": ""t2c-20260604"", ""pose"": ""cofold-wt-Abeta1-16-11544623 seed2/model_3"", ""caveat"": ""pose=hypothesis; selectivity counter-screen mandatory (guardrail 1)""}",2026-06-04 13:20:40.483777
LEC-AM-T2-0002,lecanemab_WT,T2,HC,HC:G59D,1,1,,,,,,,,,,,,,,,,,,generated,"{""method"": ""ProteinMPNN conditional-probs CDR point-muts (Fv-A\u03b2 complex)"", ""logodds"": [3.814], ""logodds_threshold"": 1.0, ""run_id"": ""t2c-20260604"", ""pose"": ""cofold-wt-Abeta1-16-11544623 seed2/model_3"", ""caveat"": ""pose=hypothesis; selectivity counter-screen mandatory (guardrail 1)""}",2026-06-04 13:20:40.483777
LEC-AM-T2-0003,lecanemab_WT,T2,HC,HC:Y110P,1,1,,,,,,,,,,,,,,,,,,generated,"{""method"": ""ProteinMPNN conditional-probs CDR point-muts (Fv-A\u03b2 complex)"", ""logodds"": [3.302], ""logodds_threshold"": 1.0, ""run_id"": ""t2c-20260604"", ""pose"": ""cofold-wt-Abeta1-16-11544623 seed2/model_3"", ""caveat"": ""pose=hypothesis; selectivity counter-screen mandatory (guardrail 1)""}",2026-06-04 13:20:40.483777
LEC-AM-T2-0004,lecanemab_WT,T2,LC,LC:K56N,1,1,,,,,,,,,,,,,,,,,,generated,"{""method"": ""ProteinMPNN conditional-probs CDR point-muts (Fv-A\u03b2 complex)"", ""logodds"": [2.871], ""logodds_threshold"": 1.0, ""run_id"": ""t2c-20260604"", ""pose"": ""cofold-wt-Abeta1-16-11544623 seed2/model_3"", ""caveat"": ""pose=hypothesis; selectivity counter-screen mandatory (guardrail 1)""}",2026-06-04 13:20:40.483777
LEC-AM-T2-0005,lecanemab_WT,T2,HC,HC:T29D,1,1,,,,,,,,,,,,,,,,,,generated,"{""method"": ""ProteinMPNN conditional-probs CDR point-muts (Fv-A\u03b2 complex)"", ""logodds"": [2.838], ""logodds_threshold"": 1.0, ""run_id"": ""t2c-20260604"", ""pose"": ""cofold-wt-Abeta1-16-11544623 seed2/model_3"", ""caveat"": ""pose=hypothesis; selectivity counter-screen mandatory (guardrail 1)""}",2026-06-04 13:20:40.483777
LEC-AM-T2-0006,lecanemab_WT,T2,HC,HC:R112BD,1,1,,,,,,,,,,,,,,,,,,generated,"{""method"": ""ProteinMPNN conditional-probs CDR point-muts (Fv-A\u03b2 complex)"", ""logodds"": [2.549], ""logodds_threshold"": 1.0, ""run_id"": ""t2c-20260604"", ""pose"": ""cofold-wt-Abeta1-16-11544623 seed2/model_3"", ""caveat"": ""pose=hypothesis; selectivity counter-screen mandatory (guardrail 1)""}",2026-06-04 13:20:40.483777
LEC-AM-T2-0007,lecanemab_WT,T2,LC,LC:Q106D,1,1,,,,,,,,,,,,,,,,,,generated,"{""method"": ""ProteinMPNN conditional-probs CDR point-muts (Fv-A\u03b2 complex)"", ""logodds"": [2.303], ""logodds_threshold"": 1.0, ""run_id"": ""t2c-20260604"", ""pose"": ""cofold-wt-Abeta1-16-11544623 seed2/model_3"", ""caveat"": ""pose=hypothesis; selectivity counter-screen mandatory (guardrail 1)""}",2026-06-04 13:20:40.483777
LEC-AM-T2-0008,lecanemab_WT,T2,HC,HC:Y111AG,1,1,,,,,,,,,,,,,,,,,,generated,"{""method"": ""ProteinMPNN conditional-probs CDR point-muts (Fv-A\u03b2 complex)"", ""logodds"": [1.996], ""logodds_threshold"": 1.0, ""run_id"": ""t2c-20260604"", ""pose"": ""cofold-wt-Abeta1-16-11544623 seed2/model_3"", ""caveat"": ""pose=hypothesis; selectivity counter-screen mandatory (guardrail 1)""}",2026-06-04 13:20:40.483777
LEC-AM-T2-0009,lecanemab_WT,T2,LC,LC:N36L,1,1,,,,,,,,,,,,,,,,,,generated,"{""method"": ""ProteinMPNN conditional-probs CDR point-muts (Fv-A\u03b2 complex)"", ""logodds"": [1.973], ""logodds_threshold"": 1.0, ""run_id"": ""t2c-20260604"", ""pose"": ""cofold-wt-Abeta1-16-11544623 seed2/model_3"", ""caveat"": ""pose=hypothesis; selectivity counter-screen mandatory (guardrail 1)""}",2026-06-04 13:20:40.483777
LEC-AM-T2-0010,lecanemab_WT,T2,HC,HC:Y113F,1,1,,,,,,,,,,,,,,,,,,generated,"{""method"": ""ProteinMPNN conditional-probs CDR point-muts (Fv-A\u03b2 complex)"", ""logodds"": [1.765], ""logodds_threshold"": 1.0, ""run_id"": ""t2c-20260604"", ""pose"": ""cofold-wt-Abeta1-16-11544623 seed2/model_3"", ""caveat"": ""pose=hypothesis; selectivity counter-screen mandatory (guardrail 1)""}",2026-06-04 13:20:40.483777
LEC-AM-T2-0011,lecanemab_WT,T2,HC,HC:E107D,1,1,,,,,,,,,,,,,,,,,,generated,"{""method"": ""ProteinMPNN conditional-probs CDR point-muts (Fv-A\u03b2 complex)"", ""logodds"": [1.715], ""logodds_threshold"": 1.0, ""run_id"": ""t2c-20260604"", ""pose"": ""cofold-wt-Abeta1-16-11544623 seed2/model_3"", ""caveat"": ""pose=hypothesis; selectivity counter-screen mandatory (guardrail 1)""}",2026-06-04 13:20:40.483777
LEC-AM-T2-0012,lecanemab_WT,T2,HC,HC:S36D,1,1,,,,,,,,,,,,,,,,,,generated,"{""method"": ""ProteinMPNN conditional-probs CDR point-muts (Fv-A\u03b2 complex)"", ""logodds"": [1.615], ""logodds_threshold"": 1.0, ""run_id"": ""t2c-20260604"", ""pose"": ""cofold-wt-Abeta1-16-11544623 seed2/model_3"", ""caveat"": ""pose=hypothesis; selectivity counter-screen mandatory (guardrail 1)""}",2026-06-04 13:20:40.483777
LEC-AM-T2-0013,lecanemab_WT,T2,LC,LC:N34D,1,1,,,,,,,,,,,,,,,,,,generated,"{""method"": ""ProteinMPNN conditional-probs CDR point-muts (Fv-A\u03b2 complex)"", ""logodds"": [1.557], ""logodds_threshold"": 1.0, ""run_id"": ""t2c-20260604"", ""pose"": ""cofold-wt-Abeta1-16-11544623 seed2/model_3"", ""caveat"": ""pose=hypothesis; selectivity counter-screen mandatory (guardrail 1)""}",2026-06-04 13:20:40.483777
LEC-AM-T2-0014,lecanemab_WT,T2,HC,HC:F37Y,1,1,,,,,,,,,,,,,,,,,,generated,"{""method"": ""ProteinMPNN conditional-probs CDR point-muts (Fv-A\u03b2 complex)"", ""logodds"": [1.266], ""logodds_threshold"": 1.0, ""run_id"": ""t2c-20260604"", ""pose"": ""cofold-wt-Abeta1-16-11544623 seed2/model_3"", ""caveat"": ""pose=hypothesis; selectivity counter-screen mandatory (guardrail 1)""}",2026-06-04 13:20:40.483777
LEC-AM-T2-0015,lecanemab_WT,T2,LC,LC:I29V,1,1,,,,,,,,,,,,,,,,,,generated,"{""method"": ""ProteinMPNN conditional-probs CDR point-muts (Fv-A\u03b2 complex)"", ""logodds"": [1.252], ""logodds_threshold"": 1.0, ""run_id"": ""t2c-20260604"", ""pose"": ""cofold-wt-Abeta1-16-11544623 seed2/model_3"", ""caveat"": ""pose=hypothesis; selectivity counter-screen mandatory (guardrail 1)""}",2026-06-04 13:20:40.483777
LEC-AM-T2-0016,lecanemab_WT,T2,HC,HC:S62G,1,1,,,,,,,,,,,,,,,,,,generated,"{""method"": ""ProteinMPNN conditional-probs CDR point-muts (Fv-A\u03b2 complex)"", ""logodds"": [1.243], ""logodds_threshold"": 1.0, ""run_id"": ""t2c-20260604"", ""pose"": ""cofold-wt-Abeta1-16-11544623 seed2/model_3"", ""caveat"": ""pose=hypothesis; selectivity counter-screen mandatory (guardrail 1)""}",2026-06-04 13:20:40.483777
LEC-AM-T2-0017,lecanemab_WT,T2,LC,LC:H31A,1,1,,,,,,,,,,,,,,,,,,generated,"{""method"": ""ProteinMPNN conditional-probs CDR point-muts (Fv-A\u03b2 complex)"", ""logodds"": [1.11], ""logodds_threshold"": 1.0, ""run_id"": ""t2c-20260604"", ""pose"": ""cofold-wt-Abeta1-16-11544623 seed2/model_3"", ""caveat"": ""pose=hypothesis; selectivity counter-screen mandatory (guardrail 1)""}",2026-06-04 13:20:40.483777
LEC-AM-T2-0018,lecanemab_WT,T2,both,HC:G59D;LC:V114Y,2,2,,,,,,,,,,,,,,,,,,generated,"{""method"": ""ProteinMPNN conditional-probs CDR point-muts (Fv-A\u03b2 complex)"", ""logodds"": [3.814, 3.927], ""logodds_threshold"": 1.0, ""run_id"": ""t2c-20260604"", ""pose"": ""cofold-wt-Abeta1-16-11544623 seed2/model_3"", ""caveat"": ""pose=hypothesis; selectivity counter-screen mandatory (guardrail 1)""}",2026-06-04 13:20:40.483777
LEC-AM-T2-0019,lecanemab_WT,T2,both,HC:Y110P;LC:V114Y,2,2,,,,,,,,,,,,,,,,,,generated,"{""method"": ""ProteinMPNN conditional-probs CDR point-muts (Fv-A\u03b2 complex)"", ""logodds"": [3.302, 3.927], ""logodds_threshold"": 1.0, ""run_id"": ""t2c-20260604"", ""pose"": ""cofold-wt-Abeta1-16-11544623 seed2/model_3"", ""caveat"": ""pose=hypothesis; selectivity counter-screen mandatory (guardrail 1)""}",2026-06-04 13:20:40.483777
LEC-AM-T2-0020,lecanemab_WT,T2,HC,HC:G59D;HC:Y110P,2,2,,,,,,,,,,,,,,,,,,generated,"{""method"": ""ProteinMPNN conditional-probs CDR point-muts (Fv-A\u03b2 complex)"", ""logodds"": [3.814, 3.302], ""logodds_threshold"": 1.0, ""run_id"": ""t2c-20260604"", ""pose"": ""cofold-wt-Abeta1-16-11544623 seed2/model_3"", ""caveat"": ""pose=hypothesis; selectivity counter-screen mandatory (guardrail 1)""}",2026-06-04 13:20:40.483777
LEC-AM-T2-0021,lecanemab_WT,T2,LC,LC:K56N;LC:V114Y,2,2,,,,,,,,,,,,,,,,,,generated,"{""method"": ""ProteinMPNN conditional-probs CDR point-muts (Fv-A\u03b2 complex)"", ""logodds"": [2.871, 3.927], ""logodds_threshold"": 1.0, ""run_id"": ""t2c-20260604"", ""pose"": ""cofold-wt-Abeta1-16-11544623 seed2/model_3"", ""caveat"": ""pose=hypothesis; selectivity counter-screen mandatory (guardrail 1)""}",2026-06-04 13:20:40.483777
LEC-AM-T2-0022,lecanemab_WT,T2,both,HC:T29D;LC:V114Y,2,2,,,,,,,,,,,,,,,,,,generated,"{""method"": ""ProteinMPNN conditional-probs CDR point-muts (Fv-A\u03b2 complex)"", ""logodds"": [2.838, 3.927], ""logodds_threshold"": 1.0, ""run_id"": ""t2c-20260604"", ""pose"": ""cofold-wt-Abeta1-16-11544623 seed2/model_3"", ""caveat"": ""pose=hypothesis; selectivity counter-screen mandatory (guardrail 1)""}",2026-06-04 13:20:40.483777
LEC-AM-T2-0023,lecanemab_WT,T2,both,HC:G59D;LC:K56N,2,2,,,,,,,,,,,,,,,,,,generated,"{""method"": ""ProteinMPNN conditional-probs CDR point-muts (Fv-A\u03b2 complex)"", ""logodds"": [3.814, 2.871], ""logodds_threshold"": 1.0, ""run_id"": ""t2c-20260604"", ""pose"": ""cofold-wt-Abeta1-16-11544623 seed2/model_3"", ""caveat"": ""pose=hypothesis; selectivity counter-screen mandatory (guardrail 1)""}",2026-06-04 13:20:40.483777
LEC-AM-T2-0024,lecanemab_WT,T2,HC,HC:T29D;HC:G59D,2,2,,,,,,,,,,,,,,,,,,generated,"{""method"": ""ProteinMPNN conditional-probs CDR point-muts (Fv-A\u03b2 complex)"", ""logodds"": [2.838, 3.814], ""logodds_threshold"": 1.0, ""run_id"": ""t2c-20260604"", ""pose"": ""cofold-wt-Abeta1-16-11544623 seed2/model_3"", ""caveat"": ""pose=hypothesis; selectivity counter-screen mandatory (guardrail 1)""}",2026-06-04 13:20:40.483777
LEC-AM-T2-0025,lecanemab_WT,T2,both,HC:R112BD;LC:V114Y,2,2,,,,,,,,,,,,,,,,,,generated,"{""method"": ""ProteinMPNN conditional-probs CDR point-muts (Fv-A\u03b2 complex)"", ""logodds"": [2.549, 3.927], ""logodds_threshold"": 1.0, ""run_id"": ""t2c-20260604"", ""pose"": ""cofold-wt-Abeta1-16-11544623 seed2/model_3"", ""caveat"": ""pose=hypothesis; selectivity counter-screen mandatory (guardrail 1)""}",2026-06-04 13:20:40.483777
LEC-AM-T2-0026,lecanemab_WT,T2,HC,HC:G59D;HC:R112BD,2,2,,,,,,,,,,,,,,,,,,generated,"{""method"": ""ProteinMPNN conditional-probs CDR point-muts (Fv-A\u03b2 complex)"", ""logodds"": [3.814, 2.549], ""logodds_threshold"": 1.0, ""run_id"": ""t2c-20260604"", ""pose"": ""cofold-wt-Abeta1-16-11544623 seed2/model_3"", ""caveat"": ""pose=hypothesis; selectivity counter-screen mandatory (guardrail 1)""}",2026-06-04 13:20:40.483777
LEC-AM-T2-0027,lecanemab_WT,T2,both,HC:Y110P;LC:K56N,2,2,,,,,,,,,,,,,,,,,,generated,"{""method"": ""ProteinMPNN conditional-probs CDR point-muts (Fv-A\u03b2 complex)"", ""logodds"": [3.302, 2.871], ""logodds_threshold"": 1.0, ""run_id"": ""t2c-20260604"", ""pose"": ""cofold-wt-Abeta1-16-11544623 seed2/model_3"", ""caveat"": ""pose=hypothesis; selectivity counter-screen mandatory (guardrail 1)""}",2026-06-04 13:20:40.483777
LEC-AM-T2-0028,lecanemab_WT,T2,HC,HC:T29D;HC:Y110P,2,2,,,,,,,,,,,,,,,,,,generated,"{""method"": ""ProteinMPNN conditional-probs CDR point-muts (Fv-A\u03b2 complex)"", ""logodds"": [2.838, 3.302], ""logodds_threshold"": 1.0, ""run_id"": ""t2c-20260604"", ""pose"": ""cofold-wt-Abeta1-16-11544623 seed2/model_3"", ""caveat"": ""pose=hypothesis; selectivity counter-screen mandatory (guardrail 1)""}",2026-06-04 13:20:40.483777
LEC-AM-T2-0029,lecanemab_WT,T2,HC,HC:Y110P;HC:R112BD,2,2,,,,,,,,,,,,,,,,,,generated,"{""method"": ""ProteinMPNN conditional-probs CDR point-muts (Fv-A\u03b2 complex)"", ""logodds"": [3.302, 2.549], ""logodds_threshold"": 1.0, ""run_id"": ""t2c-20260604"", ""pose"": ""cofold-wt-Abeta1-16-11544623 seed2/model_3"", ""caveat"": ""pose=hypothesis; selectivity counter-screen mandatory (guardrail 1)""}",2026-06-04 13:20:40.483777
LEC-AM-T2-0030,lecanemab_WT,T2,both,HC:T29D;LC:K56N,2,2,,,,,,,,,,,,,,,,,,generated,"{""method"": ""ProteinMPNN conditional-probs CDR point-muts (Fv-A\u03b2 complex)"", ""logodds"": [2.838, 2.871], ""logodds_threshold"": 1.0, ""run_id"": ""t2c-20260604"", ""pose"": ""cofold-wt-Abeta1-16-11544623 seed2/model_3"", ""caveat"": ""pose=hypothesis; selectivity counter-screen mandatory (guardrail 1)""}",2026-06-04 13:20:40.483777
